<?xml version="1.0" encoding="UTF-8"?>
<project-private xmlns="http://www.netbeans.org/ns/project-private/1">
    <editor-bookmarks xmlns="http://www.netbeans.org/ns/editor-bookmarks/2" lastBookmarkId="0"/>
    <open-files xmlns="http://www.netbeans.org/ns/projectui-open-files/2">
        <group>
            <file>file:/C:/Users/nabil/Documents/NetBeansProjects/Kezara/src/Kezara/Donor.java</file>
            <file>file:/C:/Users/nabil/Documents/NetBeansProjects/Kezara/src/Kezara/Hospital.java</file>
            <file>file:/C:/Users/nabil/Documents/NetBeansProjects/Kezara/src/Kezara/LoginPage.java</file>
        </group>
    </open-files>
</project-private>
